100,Penelope Lewis,female,1990-08-31
101,David Anthony,male,1971-10-14
102,Ida Shipp,female,1962-05-24
103,Joanna Moore,female,2017-03-10
104,Lisandra Ortiz,female,2020-08-05
105,David Simmons,male,1999-12-30
106,Edward Hudson,male,1983-05-09
107,Albert Jones,male,1990-09-13
108,Leonard Cavender,male,1958-08-08
109,Everett Vadala,male,2005-05-24
110,Freddie Claridge,male,2002-05-07
111,Annabelle Rosseau,female,1989-07-13
112,Eulah Emanuel,female,1976-01-19
113,Shaun Love,male,1970-05-26
114,Alejandro Brennan,male,1980-12-22
115,Robert Mcreynolds,male,1973-12-27
116,Carla Spickard,female,1985-06-13
117,Florence Eberhart,female,2024-06-01
118,Tina Gaskins,female,1966-12-05
119,Florence Mulhern,female,1959-05-31
120,Joel Smith,male,1996-08-13
121,Evelyn Kriner,female,1978-09-16
